<?xml version="1.0" encoding="utf-8"?>
<productAdditionalComps>
   <dependsOn>
      <component>
         <name>SPADE3_2016_10_10_mac</name>
         <locale/>
         <platformList>
            <platform>maci64</platform>
         </platformList>
         <version>3.0</version>
      </component>
   </dependsOn>
   <isControllingProduct>true</isControllingProduct>
   <platform>maci64</platform>
   <productName>SPADE3_2016_10_10_mac</productName>
   <productNumber>5000</productNumber>
   <productBaseCode>SPADE3_2016_10_10_mac</productBaseCode>
   <productVersion>3.0</productVersion>
   <releaseFamily>R2015a</releaseFamily>
   <releaseDescription>R2015a</releaseDescription>
</productAdditionalComps>