<?xml version="1.0" encoding="utf-8"?>
<ApplicationInstallerManifest>
   <DefaultInstallationDirectory>/Applications/SPADE3_2016_10_10_mac/</DefaultInstallationDirectory>
   <ApplicationName>SPADE3_2016_10_10_mac</ApplicationName>
   <ExecutableName>application/SPADE3_2016_10_10_mac.exe</ExecutableName>
   <GUID>c67c2abe-7baa-4715-b13b-8be23cdb3fad</GUID>
   <ApplicationIcon>default_icon_48.png</ApplicationIcon>
   <Logo>logo3761327117046730268.tmp</Logo>
   <Version>3.0</Version>
   <Summary>SPADE version 3.0</Summary>
   <WelcomePanelText>SPADE3_2016_10_10_mac 3.0
SPADE version 3.0

updated 2016-10-10

Peng Qiu</WelcomePanelText>
   <MCRProducts>
      <MCRProduct>
         <ExternalProductIdentifier>35000</ExternalProductIdentifier>
      </MCRProduct>
      <MCRProduct>
         <ExternalProductIdentifier>35010</ExternalProductIdentifier>
      </MCRProduct>
   </MCRProducts>
</ApplicationInstallerManifest>